fecha,farmacia,principio_activo,concentracion,producto,marca,presentacion,unidades,precio,precio_lista,precio_unidad,url
2026-10-08,La Rebaja,,,ADVIL ESPALDA Y CUELLO - ADVIL BACK & NECK,ADVIL,CAJA X 5 CAP,5,12150,13500,2430.0,https://www.larebajavirtual.com/advil-espalda-y-cuello-advil-back-neck-156255/p
2026-10-08,La Rebaja,ACETAMINOFEN,,DOLICOX,DOLICOX,CAJA X 100 TAB,100,46900,46900,469.0,https://www.larebajavirtual.com/kit-dolicox-52440/p
2026-10-08,La Rebaja,ACETAMINOFEN,,DOLICOX,DOLICOX,BLISTER X 10,10,4700,4700,470.0,https://www.larebajavirtual.com/dolicox-52440/p
2026-10-08,La Rebaja,ACETAMINOFEN,,DOLEX PEDIATRICO MASTICABLE,DOLEX,CAJA X 100 TAB,100,117400,117400,1174.0,https://www.larebajavirtual.com/kit-dolex-pediatrico-masticable-12960/p
2026-10-08,La Rebaja,ACETAMINOFEN,,DOLEX PEDIATRICO MASTICABLE,DOLEX,BLISTER X 10,10,11800,11800,1180.0,https://www.larebajavirtual.com/dolex-pediatrico-masticable-12960/p
2026-10-08,La Rebaja,ACETAMINOFEN,,DOLEX AVANZADO,DOLEX,CAJA X 10 TAB,10,14100,14100,1410.0,https://www.larebajavirtual.com/dolex-avanzado-83136/p
2026-10-08,La Rebaja,ACETAMINOFEN,100 MG,ASA MK 100 MG (MK),MK,CAJA X 20 TAB,20,9100,9100,455.0,https://www.larebajavirtual.com/asa-mk-100-mg-mk-46965/p
2026-10-08,La Rebaja,ACETAMINOFEN,500 MG,ACETAMINOFEN 500 MG (GENFAR),GENFAR,CAJA X 100 TAB,100,18820,25100,188.2,https://www.larebajavirtual.com/kit-acetaminofen-500-mg-genfar-38045/p
2026-10-08,La Rebaja,ACETAMINOFEN,500 MG,ACETAMINOFEN 500 MG (COASPHARMA),COASPHARMA,CAJA X 300 TAB,300,61400,61400,204.67,https://www.larebajavirtual.com/kit-acetaminofen-500-mg-coaspharma-116566/p
2026-10-08,La Rebaja,ACETAMINOFEN,500 MG,ACETAMINOFEN 500 MG (COASPHARMA),COASPHARMA,BLISTER X 10,10,2100,2100,210.0,https://www.larebajavirtual.com/acetaminofen-500-mg-coaspharma-116566/p
2026-10-08,La Rebaja,ACETAMINOFEN,500 MG,ACETAMINOFEN 500 MG (LA SANTE),LA SANTE,CAJA X 100 TAB,100,22300,22300,223.0,https://www.larebajavirtual.com/kit-acetaminofen-500-mg-la-sante-47431/p
2026-10-08,La Rebaja,ACETAMINOFEN,500 MG,ACETAMINOFEN 500 MG (LA SANTE),LA SANTE,BLISTER X 10,10,2300,2300,230.0,https://www.larebajavirtual.com/acetaminofen-500-mg-la-sante-47431/p
2026-10-08,La Rebaja,ACETAMINOFEN,500 MG,ACETAMINOFEN 500 MG (AG),AG,CAJA X 100 TAB,100,23100,23100,231.0,https://www.larebajavirtual.com/kit-acetaminofen-500-mg-ag-61755/p
2026-10-08,La Rebaja,ACETAMINOFEN,500 MG,ACETAMINOFEN 500 MG (AG),AG,BLISTER X 10,10,2400,2400,240.0,https://www.larebajavirtual.com/acetaminofen-500-mg-ag-61755/p
2026-10-08,La Rebaja,ACETAMINOFEN,500 MG,ACETAMINOFEN 500 MG (GENFAR),GENFAR,BLISTER X 10,10,2600,2600,260.0,https://www.larebajavirtual.com/acetaminofen-500-mg-genfar-38045/p
2026-10-08,La Rebaja,ACETAMINOFEN,500 MG,ACETAMINOFEN 500 MG (MK),TECNOQUIMICAS,CAJA X 50 TAB,50,31900,31900,638.0,https://www.larebajavirtual.com/kit-acetaminofen-500-mg-mk-157953/p
2026-10-08,La Rebaja,ACETAMINOFEN,500 MG,ACETAMINOFEN 500 MG (MK),TECNOQUIMICAS,BLIESTER X 10,10,6400,6400,640.0,https://www.larebajavirtual.com/acetaminofen-500-mg-mk-157953/p
2026-10-08,La Rebaja,ACETAMINOFEN,500 MG,ACETAMINOFEN 500 MG (MK),MK,CAJA X 100 TAB,100,64400,64400,644.0,https://www.larebajavirtual.com/kit-acetaminofen-500-mg-mk-46962/p
2026-10-08,La Rebaja,ACETAMINOFEN,500 MG,ACETAMINOFEN 500 MG (MK),MK,BLISTER X 10,10,6500,6500,650.0,https://www.larebajavirtual.com/acetaminofen-500-mg-mk-46962/p
2026-10-08,La Rebaja,ACETAMINOFEN,500 MG,ACETAMINOFEN 500 MG (MK),MK,CAJA X 16 TAB,16,14400,14400,900.0,https://www.larebajavirtual.com/acetaminofen-500-mg-mk-145047/p
2026-10-08,La Rebaja,ACETAMINOFEN,500 MG,DOLEX AVANZADO 500 MG,DOLEX,CAJA X 200 TAB,200,186600,186600,933.0,https://www.larebajavirtual.com/kit-dolex-avanzado-500-mg-156784/p
2026-10-08,La Rebaja,ACETAMINOFEN,500 MG,DOLEX AVANZADO 500 MG,DOLEX,BLISTER X 10,10,9400,9400,940.0,https://www.larebajavirtual.com/dolex-avanzado-500-mg-156784/p
2026-10-08,La Rebaja,ACETAMINOFEN,500 MG,DOLEX AVANZADO 500 MG,DOLEX,FRASCO X 24 TAB,24,27450,32300,1143.75,https://www.larebajavirtual.com/dolex-avanzado-500-mg-156785/p
2026-10-08,La Rebaja,AMLODIPINO,10 MG,AMLODIPINO 10 MG (COASPHARMA),COASPHARMA,CAJA X 10 TAB,10,11700,11700,1170.0,https://www.larebajavirtual.com/amlodipino-10-mg-coaspharma-36956/p
2026-10-08,La Rebaja,AMLODIPINO,10 MG,AMLODIPINO 10 MG (LA SANTE),LA SANTE,CAJA X 10 TAB,10,15900,15900,1590.0,https://www.larebajavirtual.com/amlodipino-10-mg-la-sante-43880/p
2026-10-08,La Rebaja,AMLODIPINO,10 MG,AMLODIPINO 10 MG (MK),MK,CAJA X 30 TAB,30,65000,65000,2166.67,https://www.larebajavirtual.com/amlodipino-10-mg-mk-150527/p
2026-10-08,La Rebaja,AMLODIPINO,5 MG,AMLODIPINO 5 MG (GENFAR),GENFAR,CAJA X 30 TAB,30,24840,27600,828.0,https://www.larebajavirtual.com/amlodipino-5-mg-genfar-152967/p
2026-10-08,La Rebaja,AMLODIPINO,5 MG,AMLODIPINO 5 MG (GENFAR),GENFAR,CAJA X 10 TAB,10,8830,9300,883.0,https://www.larebajavirtual.com/amlodipino-5-mg-genfar-30707/p
2026-10-08,La Rebaja,AMLODIPINO,5 MG,AMLODIPINO 5 MG (LA SANTE),LA SANTE,CAJA X 10 TAB,10,8900,8900,890.0,https://www.larebajavirtual.com/amlodipino-5-mg-la-sante-38387/p
2026-10-08,La Rebaja,AMLODIPINO,5 MG,AMLODIPINO 5 MG (COASPHARMA),COASPHARMA,CAJA X 10 TAB,10,9300,9300,930.0,https://www.larebajavirtual.com/amlodipino-5-mg-coaspharma-36955/p
2026-10-08,La Rebaja,AMLODIPINO,5 MG,AMLODIPINO 5 MG (MK),MK,CAJA X 30 TAB,30,29800,29800,993.33,https://www.larebajavirtual.com/amlodipino-5-mg-mk-145046/p
2026-10-08,La Rebaja,ATORVASTATINA,10 MG,ATORVASTATINA 10 MG (LA SANTE),LA SANTE,CAJA X 30 TAB,30,79900,79900,2663.33,https://www.larebajavirtual.com/atorvastatina-10-mg-la-sante-147386/p
2026-10-08,La Rebaja,ATORVASTATINA,20 MG,ATORVASTATINA 20 MG (COASPHARMA),COASPHARMA,CAJA X 30 TAB,30,43200,43200,1440.0,https://www.larebajavirtual.com/atorvastatina-20-mg-coaspharma-73331/p
2026-10-08,La Rebaja,ATORVASTATINA,20 MG,ATORVASTATINA 20 MG (COASPHARMA),COASPHARMA,CAJA X 10 TAB,10,18000,18000,1800.0,https://www.larebajavirtual.com/atorvastatina-20-mg-coaspharma-73330/p
2026-10-08,La Rebaja,ATORVASTATINA,20 MG,FARMALIP 20 MG,FARMALIP,CAJA X 10 TAB,10,22400,22400,2240.0,https://www.larebajavirtual.com/farmalip-20-mg-52444/p
2026-10-08,La Rebaja,ATORVASTATINA,20 MG,ATORVASTATINA 20 MG (LA SANTE),LA SANTE,CAJA X 30 TAB,30,72600,72600,2420.0,https://www.larebajavirtual.com/atorvastatina-20-mg-la-sante-147387/p
2026-10-08,La Rebaja,ATORVASTATINA,20 MG,ATORVASTATINA 20 MG (MK),MK,CAJA X 30 TAB,30,94100,94100,3136.67,https://www.larebajavirtual.com/atorvastatina-20-mg-mk-124171/p
2026-10-08,La Rebaja,ATORVASTATINA,20 MG,LIPITOR 20 MG,LIPITOR,CAJA X 30 TAB,30,117500,117500,3916.67,https://www.larebajavirtual.com/lipitor-20-mg-91450/p
2026-10-08,La Rebaja,ATORVASTATINA,40 MG,FARMALIP 40 MG,FARMALIP,CAJA X 30 TAB,30,93900,93900,3130.0,https://www.larebajavirtual.com/farmalip-40-mg-105883/p
2026-10-08,La Rebaja,ATORVASTATINA,40 MG,ATORVASTATINA 40MG (LA SANTE),LA SANTE,CAJA X 30 TAB,30,104400,104400,3480.0,https://www.larebajavirtual.com/atorvastatina-40mg-la-sante-148787/p
2026-10-08,La Rebaja,ATORVASTATINA,40 MG,ATORVASTATINA 40 MG (MK),MK,CAJA X 30 TAB,30,128800,128800,4293.33,https://www.larebajavirtual.com/atorvastatina-40-mg-mk-115558/p
2026-10-08,La Rebaja,DESLORATADINA,5 MG,DESLORATADINA 5 MG (COASPHARMA),COASPHARMA,CAJA X 10 TAB,10,22100,22100,2210.0,https://www.larebajavirtual.com/desloratadina-5-mg-coaspharma-128487/p
2026-10-08,La Rebaja,DESLORATADINA,5 MG,DESLORATADINA 5 MG (GENFAR),GENFAR,CAJA X 10 COMP,10,31500,35000,3150.0,https://www.larebajavirtual.com/desloratadina-5-mg-genfar-61041/p
2026-10-08,La Rebaja,DESLORATADINA,5 MG,DESLORATADINA 5 MG (MK),MK,CAJA X 10 TAB,10,55300,55300,5530.0,https://www.larebajavirtual.com/desloratadina-5-mg-mk-47495/p
2026-10-08,La Rebaja,ESOMEPRAZOL,20 MG,ESOMEPRAZOL 20 MG (AG),AG,CAJA X 14 TAB,14,49300,49300,3521.43,https://www.larebajavirtual.com/esomeprazol-20-mg-ag-18141/p
2026-10-08,La Rebaja,ESOMEPRAZOL,20 MG,ESOMEPRAZOL 20 MG (MK),MK,CAJA X 30 TAB,30,118100,118100,3936.67,https://www.larebajavirtual.com/esomeprazol-20-mg-mk-119924/p
2026-10-08,La Rebaja,ESOMEPRAZOL,20 MG,ESOMEPRAZOL 20 MG (MK),MK,CAJA X 10 TAB,10,39800,39800,3980.0,https://www.larebajavirtual.com/esomeprazol-20-mg-mk-59788/p
2026-10-08,La Rebaja,ESOMEPRAZOL,40 MG,ESOMEPRAZOL 40 MG (LA SANTE),LA SANTE,CAJA X 30 TAB,30,95400,95400,3180.0,https://www.larebajavirtual.com/esomeprazol-40-mg-la-sante-150827/p
2026-10-08,La Rebaja,ESOMEPRAZOL,40 MG,ESOMEPRAZOL 40 MG (MK),MK,CAJA X 30 TAB,30,119500,119500,3983.33,https://www.larebajavirtual.com/esomeprazol-40-mg-mk-119842/p
2026-10-08,La Rebaja,ESOMEPRAZOL,40 MG,ESOMEPRAZOL 40 MG (MK),MK,CAJA X 10 TAB,10,41700,41700,4170.0,https://www.larebajavirtual.com/esomeprazol-40-mg-mk-47496/p
2026-10-08,La Rebaja,IBUPROFENO,,OFERTA ADVIL MAX PAGUE 16 LLEVE 20 TABLETAS,ADVIL,UND X 1 UND,,35200,35200,,https://www.larebajavirtual.com/oferta-advil-max-pague-16-lleve-20-tabletas-144585/p
2026-10-08,La Rebaja,IBUPROFENO,,ADVIL MAX X 16 CAPS,ADVIL,FRASCO X 16 CAP,16,29920,35200,1870.0,https://www.larebajavirtual.com/advil-max-x-16-caps-42304/p
2026-10-08,La Rebaja,IBUPROFENO,,SEVEDOL EXTRA FUERTE,SEVEDOL,Caja X 60.00 Tab,60,119200,119200,1986.67,https://www.larebajavirtual.com/kit-sevedol-extra-fuerte-16167/p
2026-10-08,La Rebaja,IBUPROFENO,,SEVEDOL EXTRA FUERTE,SEVEDOL,BLISTER X 6,6,11940,11940,1990.0,https://www.larebajavirtual.com/sevedol-extra-fuerte-16167/p
2026-10-08,La Rebaja,IBUPROFENO,,IBUDOL CAF,IBUDOL,CAJA X 10 CAP,10,20800,20800,2080.0,https://www.larebajavirtual.com/ibudol-caf-93167/p
2026-10-08,La Rebaja,IBUPROFENO,,IBUFLASH ULTRA FORTE,IBUFLASH,CAJA X 8 CAP,8,17400,17400,2175.0,https://www.larebajavirtual.com/ibuflash-ultra-forte-19416/p
2026-10-08,La Rebaja,IBUPROFENO,,CALMIDOL MAX,CALMIDOL,CAJA X 6 TAB,6,13800,13800,2300.0,https://www.larebajavirtual.com/calmidol-max-68069/p
2026-10-08,La Rebaja,IBUPROFENO,,ADVIL MAX X 10 CAPS,ADVIL,CAJA X 10 CAP,10,23400,23400,2340.0,https://www.larebajavirtual.com/advil-max-x-10-caps-82351/p
2026-10-08,La Rebaja,IBUPROFENO,,ADVIL ULTRA,ADVIL,CAJA X 10 CAP,10,23900,23900,2390.0,https://www.larebajavirtual.com/advil-ultra-84487/p
2026-10-08,La Rebaja,IBUPROFENO,4 MG,TIOCOLSID 4 MG,TIOCOLSID,CAJA X 20 TAB,20,95700,95700,4785.0,https://www.larebajavirtual.com/tiocolsid-4-mg-65310/p
2026-10-08,La Rebaja,IBUPROFENO,400 MG,IBUPROFENO 400 MG (MK),MK,CAJA X 100 TAB,100,31500,31500,315.0,https://www.larebajavirtual.com/kit-ibuprofeno-400-mg-mk-42987/p
2026-10-08,La Rebaja,IBUPROFENO,400 MG,IBUPROFENO 400 MG (MK),MK,BLISTER X 10,10,3200,3200,320.0,https://www.larebajavirtual.com/ibuprofeno-400-mg-mk-42987/p
2026-10-08,La Rebaja,IBUPROFENO,400 MG,IBUPROFENO 400 MG (COASPHARMA),COASPHARMA,CAJA X 60 TAB,60,25400,25400,423.33,https://www.larebajavirtual.com/kit-ibuprofeno-400-mg-coaspharma-33675/p
2026-10-08,La Rebaja,IBUPROFENO,400 MG,IBUPROFENO 400 MG (COASPHARMA),COASPHARMA,BLISTER X 10,10,4300,4300,430.0,https://www.larebajavirtual.com/ibuprofeno-400-mg-coaspharma-33675/p
2026-10-08,La Rebaja,IBUPROFENO,400 MG,GOFEN FORTE 400 MG (IBUPROFENO),GOFEN,CAJA X 10 CAP,10,13000,13000,1300.0,https://www.larebajavirtual.com/gofen-400-mg-157778/p
2026-10-08,La Rebaja,IBUPROFENO,400 MG,IBUDOL SOFT 400  MG,IBUDOL,CAJA X 30 CAPSULA BLANDA,30,47000,47000,1566.67,https://www.larebajavirtual.com/kit-ibudol-soft-400-mg-150460/p
2026-10-08,La Rebaja,IBUPROFENO,400 MG,IBUDOL SOFT 400  MG,IBUDOL,BLISTER X 6,6,9420,9420,1570.0,https://www.larebajavirtual.com/ibudol-soft-400-mg-150460/p
2026-10-08,La Rebaja,IBUPROFENO,400 MG,IBUDOL 400 MG,IBUDOL,CAJA X 12 CAP,12,20600,20600,1716.67,https://www.larebajavirtual.com/ibudol-400-mg-93166/p
2026-10-08,La Rebaja,IBUPROFENO,400 MG,ADVIL MAX 400 MG,ADVIL,CAJA X 72 CAP,72,160200,160200,2225.0,https://www.larebajavirtual.com/kit-advil-max-400-mg-156356/p
2026-10-08,La Rebaja,IBUPROFENO,400 MG,ADVIL MAX 400 MG,ADVIL,BLISTER X 4,4,8920,8920,2230.0,https://www.larebajavirtual.com/advil-max-400-mg-156356/p
2026-10-08,La Rebaja,IBUPROFENO,600 MG,IBUPROFENO 600 MG(COASPHARMA),COASPHARMA,BLISTER X 10,10,4300,4300,430.0,https://www.larebajavirtual.com/ibuprofeno-600-mg-coaspharma-33647/p
2026-10-08,La Rebaja,IBUPROFENO,600 MG,IBUPROFENO 600 MG(COASPHARMA),COASPHARMA,CAJA X 60 TAB,60,25800,25800,430.0,https://www.larebajavirtual.com/kit-ibuprofeno-600-mg-coaspharma-33647/p
2026-10-08,La Rebaja,IBUPROFENO,600 MG,PIRE-FEN 600 MG,PIRE-FEN,CAJA X 60 TAB,60,83000,83000,1383.33,https://www.larebajavirtual.com/kit-pire-fen-600-mg-146272/p
2026-10-08,La Rebaja,IBUPROFENO,600 MG,PIRE-FEN 600 MG,PIRE-FEN,BLISTER X 10,10,13900,13900,1390.0,https://www.larebajavirtual.com/pire-fen-600-mg-146272/p
2026-10-08,La Rebaja,IBUPROFENO,800 MG,IBUPROFENO 800 MG (GENFAR),GENFAR,CAJA X 50 TAB,50,19630,23100,392.6,https://www.larebajavirtual.com/kit-ibuprofeno-800-mg-genfar-38260/p
2026-10-08,La Rebaja,IBUPROFENO,800 MG,IBUPROFENO 800 MG (AG),AG,CAJA X 50 TAB,50,21500,21500,430.0,https://www.larebajavirtual.com/kit-ibuprofeno-800-mg-ag-22703/p
2026-10-08,La Rebaja,IBUPROFENO,800 MG,IBUPROFENO 800 MG (AG),AG,BLISTER X 10,10,4300,4300,430.0,https://www.larebajavirtual.com/ibuprofeno-800-mg-ag-22703/p
2026-10-08,La Rebaja,IBUPROFENO,800 MG,IBUPROFENO 800 MG (COASPHARMA),COASPHARMA,CAJA X 60 TAB,60,27500,27500,458.33,https://www.larebajavirtual.com/kit-ibuprofeno-800-mg-coaspharma-13997/p
2026-10-08,La Rebaja,IBUPROFENO,800 MG,IBUPROFENO 800 MG (COASPHARMA),COASPHARMA,BLISTER X 10,10,4600,4600,460.0,https://www.larebajavirtual.com/ibuprofeno-800-mg-coaspharma-13997/p
2026-10-08,La Rebaja,IBUPROFENO,800 MG,IBUPROFENO 800 MG (GENFAR),GENFAR,BLISTER X 10,10,4700,4700,470.0,https://www.larebajavirtual.com/ibuprofeno-800-mg-genfar-38260/p
2026-10-08,La Rebaja,IBUPROFENO,800 MG,IBUPROFENO 800 MG (MK),MK,CAJA X 50 TAB,50,36300,36300,726.0,https://www.larebajavirtual.com/kit-ibuprofeno-800-mg-mk-42989/p
2026-10-08,La Rebaja,IBUPROFENO,800 MG,IBUPROFENO 800 MG (MK),MK,BLISTER X 10,10,7300,7300,730.0,https://www.larebajavirtual.com/ibuprofeno-800-mg-mk-42989/p
2026-10-08,La Rebaja,IBUPROFENO,800 MG,IBUPROFENO 800 MG (MK),MK,BLISTER X 10,10,14100,14100,1410.0,https://www.larebajavirtual.com/ibuprofeno-800-mg-mk-123700/p
2026-10-08,La Rebaja,IBUPROFENO,800 MG,IBUPROFENO 800 MG (MK),MK,CAJA X 30 CAPSULA BLANDA,30,42300,42300,1410.0,https://www.larebajavirtual.com/kit-ibuprofeno-800-mg-mk-123700/p
2026-10-08,La Rebaja,IBUPROFENO,800 MG,PIREFEN 800 MG,PIREFEN,CAJA X 60 TAB,60,128630,135400,2143.83,https://www.larebajavirtual.com/kit-pirefen-800-mg-39287/p
2026-10-08,La Rebaja,IBUPROFENO,800 MG,PIREFEN 800 MG,PIREFEN,BLISTER X 10,10,22600,22600,2260.0,https://www.larebajavirtual.com/pirefen-800-mg-39287/p
2026-10-08,La Rebaja,LORATADINA,10 MG,LORATADINA 10 MG (LA SANTE),LA SANTE,CAJA X 10 TAB,10,4700,4700,470.0,https://www.larebajavirtual.com/loratadina-10-mg-la-sante-38093/p
2026-10-08,La Rebaja,LORATADINA,10 MG,LORATADINA 10 MG (AG),AG,CAJA X 20 TAB,20,9500,9500,475.0,https://www.larebajavirtual.com/loratadina-10-mg-ag-18134/p
2026-10-08,La Rebaja,LORATADINA,10 MG,LORATADINA 10 MG (COASPHARMA),COASPHARMA,CAJA X 10 TAB,10,5300,5300,530.0,https://www.larebajavirtual.com/loratadina-10-mg-coaspharma-33671/p
2026-10-08,La Rebaja,LORATADINA,10 MG,LORATADINA 10 MG (MK),MK,CAJA X 10 TAB,10,6600,6600,660.0,https://www.larebajavirtual.com/loratadina-10-mg-mk-42996/p
2026-10-08,La Rebaja,LORATADINA,10 MG,HISTAPEN 10 MG,HISTAPEN,CAJA X 10 TAB,10,35700,35700,3570.0,https://www.larebajavirtual.com/histapen-32173/p
2026-10-08,La Rebaja,LOSARTAN,100 MG,LOSARTAN POTASICO 100 MG (LA SANTE),LA SANTE,CAJA X 30 TAB,30,65400,65400,2180.0,https://www.larebajavirtual.com/losartan-potasico-100-mg-la-sante-105532/p
2026-10-08,La Rebaja,LOSARTAN,100 MG,LOSARTAN 100 MG (MK),MK,CAJA X 30 TAB,30,78200,78200,2606.67,https://www.larebajavirtual.com/losartan-100-mg-mk-148428/p
2026-10-08,La Rebaja,LOSARTAN,50 MG,LOSARTAN POTASICO 50 MG (GENFAR),GENFAR,CAJA X 30 TAB,30,14100,28200,470.0,https://www.larebajavirtual.com/losartan-potasico-50-mg-genfar-37060/p
2026-10-08,La Rebaja,LOSARTAN,50 MG,LOSARTAN 50 MG (COASPHARMA),COASPHARMA,CAJA X 30 TAB,30,16200,16200,540.0,https://www.larebajavirtual.com/losartan-50-mg-coaspharma-64308/p
2026-10-08,La Rebaja,LOSARTAN,50 MG,LOSARTAN POTASICO 50 MG (LA SANTE),LA SANTE,CAJA X 30 TAB,30,24600,24600,820.0,https://www.larebajavirtual.com/losartan-potasico-50-mg-la-sante-39583/p
2026-10-08,La Rebaja,LOSARTAN,50 MG,LOSARTAN 50 MG (MK),MK,CAJA X 30 TAB,30,30600,30600,1020.0,https://www.larebajavirtual.com/losartan-50-mg-mk-124175/p
2026-10-08,La Rebaja,METFORMINA,1000 MG,METFORMINA 1000 MG (MK),MK,CAJA X 30 TAB,30,67800,67800,2260.0,https://www.larebajavirtual.com/metformina-1000-mg-mk-158129/p
2026-10-08,La Rebaja,METFORMINA,1000 MG,GLUCOPHAGE 1000 MG,GLUCOPHAGE,Caja X 30.00 Tab,30,93800,93800,3126.67,https://www.larebajavirtual.com/glucophage-1000-mg-37314/p
2026-10-08,La Rebaja,METFORMINA,1000 MG,GLUCOPHAGE XR 1000 MG,GLUCOPHAGE,Caja X 30.00 Tab,30,127900,127900,4263.33,https://www.larebajavirtual.com/glucophage-xr-1000-mg-92614/p
2026-10-08,La Rebaja,METFORMINA,500 MG,METFORMINA 500 MG (MK),MK,CAJA X 30 TAB,30,47100,47100,1570.0,https://www.larebajavirtual.com/metformina-500-mg-mk-158130/p
2026-10-08,La Rebaja,METFORMINA,500 MG,METFORMINA 500 MG (GENFAR),GENFAR,CAJA X 30 TAB,30,59660,62800,1988.67,https://www.larebajavirtual.com/metformina-500-mg-genfar-105422/p
2026-10-08,La Rebaja,METFORMINA,500 MG,GLUCOPHAGE 500 MG,GLUCOPHAGE,Caja X 30.00 Tab,30,71000,71000,2366.67,https://www.larebajavirtual.com/glucophage-500-mg-12663/p
2026-10-08,La Rebaja,METFORMINA,500 MG,GLUCOPHAGE XR 500 MG,GLUCOPHAGE,Caja X 30.00 Tab,30,74500,74500,2483.33,https://www.larebajavirtual.com/glucophage-xr-500-mg-44585/p
2026-10-08,La Rebaja,METFORMINA,750 MG,GLUCOPHAGE XR 750 MG,GLUCOPHAGE,Caja X 30.00 Tab,30,121700,121700,4056.67,https://www.larebajavirtual.com/glucophage-xr-750-mg-64296/p
2026-10-08,La Rebaja,METFORMINA,850 MG,METFORMINA 850 MG (GENFAR),GENFAR,CAJA X 30 TAB,30,33830,39800,1127.67,https://www.larebajavirtual.com/metformina-850-mg-genfar-34345/p
2026-10-08,La Rebaja,METFORMINA,850 MG,METFORMINA 850 MG (DIABETRICS),DIABETRICS,CAJA X 30 TAB,30,34400,34400,1146.67,https://www.larebajavirtual.com/metformina-850-mg-diabetrics-118186/p
2026-10-08,La Rebaja,METFORMINA,850 MG,METFORMINA 850 MG (MK),MK,CAJA X 30 TAB,30,48100,48100,1603.33,https://www.larebajavirtual.com/metformina-850-mg-mk-43004/p
2026-10-08,La Rebaja,METFORMINA,850 MG,GLUCOPHAGE 850 MG,GLUCOPHAGE,Caja X 30.00 Tab,30,85700,85700,2856.67,https://www.larebajavirtual.com/glucophage-850-mg-13860/p
2026-10-08,La Rebaja,OMEPRAZOL,10 MG,GENOPRAZOL CAPSULA OMEPRAZOL 10 MG,GENOPRAZOL,CAJA X 14 CAP,14,6900,6900,492.86,https://www.larebajavirtual.com/genoprazol-capsula-omeprazol-10-mg-105287/p
2026-10-08,La Rebaja,OMEPRAZOL,20 MG,OMEPRAZOL 20 MG (LA SANTE),LA SANTE,CAJA X 30 CAP,30,11400,11400,380.0,https://www.larebajavirtual.com/omeprazol-20-mg-la-sante-146234/p
2026-10-08,La Rebaja,OMEPRAZOL,20 MG,OMEPRAZOLE 20 MG (GENFAR),GENFAR,CAJA X 10 CAP,10,4120,5500,412.0,https://www.larebajavirtual.com/omeprazole-20-mg-genfar-38063/p
2026-10-08,La Rebaja,OMEPRAZOL,20 MG,ULCEPAR OMEPRAZOL 20 MG (COASPHARMA),COASPHARMA,CAJA X 20 TAB,20,11000,11000,550.0,https://www.larebajavirtual.com/omeprazol-20-mg-coaspharma-17009/p
2026-10-08,La Rebaja,OMEPRAZOL,20 MG,OMEPRAZOL 20 MG (MK),MK,CAJA X 30 CAP,30,21400,21400,713.33,https://www.larebajavirtual.com/omeprazol-20-mg-mk-154808/p
2026-10-08,La Rebaja,OMEPRAZOL,20 MG,GENOPRAZOL CAPSULA OMEPRAZOL 20 MG,GENOPRAZOL,CAJA X 14 CAP,14,12900,12900,921.43,https://www.larebajavirtual.com/genoprazol-capsula-omeprazol-20-mg-105423/p
2026-10-08,La Rebaja,OMEPRAZOL,20 MG,PROPISOL 20 MG,PROPISOL,CAJA X 20 CAP,20,22080,25100,1104.0,https://www.larebajavirtual.com/propisol-31091/p
2026-10-08,La Rebaja,OMEPRAZOL,40 MG,ORAZOLE 40 MG,ORAZOLE,Caja X 1.00 Amp,1,33800,33800,33800.0,https://www.larebajavirtual.com/orazole-40-mg-10691/p
